{"min": [-0.201505, -0.096713, -0.986689], "max": [0.200094, 0.09083, 0.888748]}