{"min": [-0.328017, -0.676037, -0.381941], "max": [0.336157, 0.973681, 0.339537]}